{
    "0.1": {
        "threshold": 0.9991,
        "precision": 0.9927007299270073,
        "recall": 0.1
    },
    "0.2": {
        "threshold": 0.9986,
        "precision": 0.9844112461724042,
        "recall": 0.2000188536953243
    },
    "0.3": {
        "threshold": 0.9979,
        "precision": 0.9809517938601898,
        "recall": 0.3000188536953243
    },
    "0.4": {
        "threshold": 0.9966,
        "precision": 0.9788235294117648,
        "recall": 0.4
    },
    "0.5": {
        "threshold": 0.9913,
        "precision": 0.9731752963194011,
        "recall": 0.5
    },
    "0.6": {
        "threshold": 0.9829,
        "precision": 0.9699186248514218,
        "recall": 0.6
    },
    "0.7": {
        "threshold": 0.964,
        "precision": 0.9644888946616443,
        "recall": 0.7
    },
    "0.8": {
        "threshold": 0.9096,
        "precision": 0.9511555445966241,
        "recall": 0.8
    },
    "0.9": {
        "threshold": 0.7246,
        "precision": 0.9360367073218557,
        "recall": 0.9
    },
    "1.0": {
        "threshold": 0.0,
        "precision": 0.05,
        "recall": 1.0
    }
}